Number_of_Customers,Cuisine_Type,Monthly_Revenue
61,Sushi,350.9120399867156
24,Pasta,221.3190913292622
81,Sushi,326.52976287588587
70,Pasta,348.19057312560795
30,Pasta,185.0091205967936
92,Hamburger,399.8675067311068
96,Hamburger,496.6536867303593
84,Pasta,417.15860671408467
84,Hamburger,352.1480652
97,Pasta,272.7935167604014
33,Tacos,318.7732089145467
12,Hamburger,189.2388688837744
31,Hamburger,218.4735501031867
62,Hamburger,308.9711493681178
11,Tacos,117.15332925629589
97,Pasta,292.7543309473953
39,Sushi,252.58466160696725
47,Hamburger,182.91904081048472
11,Pasta,60.37322070984645
73,Tacos,301.18409681126076
69,Sushi,294.33559700046425
30,Hamburger,276.49212856798465
42,Tacos,308.19802795312177
85,Tacos,267.49494823253434
67,Sushi,368.3336437007988
31,Pasta,165.88416121416384
98,Hamburger,494.26579083651944
58,Hamburger,273.3665072232529
68,Pasta,345.2649163026754
51,Pasta,255.77519100040675
69,Pasta,203.95935217543598
89,Sushi,442.8549584894769
24,Sushi,178.30334933227698
71,Hamburger,485.2402705928059
71,Sushi,262.1708566625489
56,Tacos,343.6727362468488
71,Hamburger,309.35909561664124
60,Sushi,268.87773391596215
64,Pasta,249.75718102091753
73,Tacos,304.38461291435146
12,Pasta,116.79045260804511
60,Hamburger,305.9655992
16,Pasta,138.20320578294658
30,Sushi,277.28291959528497
82,Sushi,415.4999786552699
48,Hamburger,324.8181694481016
27,Pasta,218.40982645553729
13,Hamburger,142.27400386801267
98,Pasta,362.51848219500584
69,Tacos,433.9088068641241
23,Sushi,220.84406337369487
18,Hamburger,155.95209505440224
99,Tacos,433.1772878
62,Tacos,345.17180441196024
11,Hamburger,-28.97780879
93,Hamburger,387.03180436117174
69,Tacos,424.50348022930746
80,Pasta,385.93864537720646
53,Tacos,291.8133288395438
17,Hamburger,136.68559397072073
56,Tacos,239.02774386530567
44,Pasta,328.27559632639725
87,Sushi,313.5640785512917
90,Sushi,459.30530870197964
45,Tacos,312.9120107397732
59,Pasta,325.1018810547656
13,Sushi,76.65350206166231
11,Tacos,163.80732931127793
15,Tacos,113.21078859943978
63,Pasta,242.10514526117112
13,Hamburger,112.00153023191453
63,Tacos,326.2939592138757
72,Hamburger,330.2542096164665
27,Hamburger,178.5729589841844
99,Sushi,363.2381374609206
53,Hamburger,326.9734098688252
43,Pasta,233.32476894372394
83,Sushi,367.6532908923892
71,Sushi,262.5682778428965
23,Sushi,140.84625410048403
57,Tacos,308.7083789745588
24,Tacos,250.17651834671145
81,Hamburger,308.4835922258233
87,Sushi,251.20934481009704
96,Sushi,563.3813323600473
71,Pasta,221.38992686965554
49,Hamburger,354.05116946058604
94,Pasta,327.1516583511172
89,Hamburger,334.9565374455772
91,Hamburger,391.80350089260094
62,Tacos,380.14458069850036
33,Tacos,41.59068666457466
35,Pasta,199.9911441530124
98,Hamburger,432.7392218358725
69,Sushi,279.7553193574043
50,Tacos,325.88726488947987
38,Sushi,98.06199095972107
24,Pasta,128.44033631082158
54,Tacos,371.94379248765546
74,Tacos,307.7723269337906
98,Hamburger,365.4749115635007
80,Pasta,419.89243699028447
18,Hamburger,135.0952899159563
97,Tacos,412.5826516660527
10,Pasta,-27.61027601
17,Tacos,131.23504161848345
97,Pasta,449.0210765048725
72,Tacos,401.98888592212893
20,Sushi,98.58966671968764
90,Sushi,204.7213792899367
17,Hamburger,-25.45342991
44,Sushi,196.32149486310854
44,Tacos,251.84569805542708
42,Tacos,194.47239937209199
14,Sushi,83.55896435403635
50,Hamburger,365.8905362700136
37,Sushi,241.24381544272228
16,Pasta,154.87213726605052
82,Pasta,229.26251142238368
81,Pasta,376.75815948171316
21,Sushi,130.03478654940906
43,Sushi,221.9570693639979
42,Sushi,200.68123009022574
57,Pasta,306.3302440323522
32,Hamburger,130.2773549945286
71,Tacos,289.8920295583355
97,Sushi,448.38150125289405
46,Hamburger,156.9067704869909
53,Tacos,389.0985155894071
95,Tacos,476.45611068929713
44,Tacos,160.3854626441772
74,Hamburger,490.2307265806197
56,Hamburger,288.7082460773276
87,Pasta,278.6971706314964
12,Hamburger,58.90983174357524
10,Hamburger,76.56291267264514
14,Hamburger,157.50132663231727
99,Tacos,461.1858324595397
23,Sushi,266.47999194296114
36,Pasta,101.73977935662381
18,Sushi,209.82822532765917
88,Sushi,333.82179836985694
24,Hamburger,181.73075709663226
99,Pasta,341.0259732965722
51,Sushi,271.4703792176433
86,Sushi,489.94986460401054
60,Pasta,282.1886139960266
72,Hamburger,357.4846908113589
61,Sushi,371.7087957817881
13,Tacos,115.08986351578497
32,Sushi,151.86473176692758
24,Tacos,63.007790630189504
52,Hamburger,203.37598814086965
38,Sushi,224.6209834877942
45,Pasta,174.6028056
22,Pasta,160.47992979762373
41,Sushi,252.68599010189374
80,Hamburger,355.5429149
68,Hamburger,245.17022504457856
95,Pasta,472.4465972433804
37,Sushi,152.3316353913624
75,Hamburger,461.42266607657814
51,Pasta,280.4429943906745
54,Tacos,264.63207904410905
71,Sushi,299.63450755508694
66,Tacos,384.9893460597854
15,Tacos,208.89227627508018
37,Hamburger,247.31375436047603
37,Hamburger,114.5216964337475
53,Hamburger,366.7007793
93,Sushi,374.6946211016602
39,Tacos,282.12830249633066
71,Sushi,284.21444757681473
84,Hamburger,347.21427814181857
98,Tacos,383.5234314551212
71,Sushi,399.70277141566845
10,Sushi,157.5936079745852
36,Pasta,281.13994170337656
71,Sushi,243.0342553069918
86,Hamburger,340.6267177870352
12,Sushi,162.6838913691738
79,Tacos,279.2886934046997
81,Sushi,385.04882726033907
36,Pasta,238.00658973838495
18,Tacos,113.6556176578066
71,Tacos,359.898749
46,Pasta,227.94908399018436
60,Hamburger,231.63454420557352
53,Tacos,344.37669807053254
33,Hamburger,258.3128435793399
88,Tacos,292.4033827266311
68,Tacos,217.35045139056396
41,Hamburger,269.64421795071496
97,Tacos,300.35999034386543
61,Hamburger,275.4038573637021
71,Pasta,270.5133607
67,Hamburger,366.2391636185893
61,Pasta,205.34926612674084
21,Tacos,226.39174442823378
48,Hamburger,362.25577865439965
11,Tacos,163.50193427910392
12,Hamburger,140.26838359424593
65,Pasta,258.33872777297995
90,Pasta,284.7478321111949
68,Hamburger,261.2324669349032
11,Pasta,136.87810960978817
11,Tacos,138.26964515466435
63,Tacos,363.4186198379388
96,Sushi,384.77062418316336
10,Pasta,236.44968114716335
28,Tacos,164.63753480377312
11,Hamburger,57.31941976618465
62,Pasta,325.5445588072106
53,Tacos,233.7958127
99,Pasta,436.78065640336433
41,Hamburger,215.0685302679431
79,Tacos,432.02670346878597
41,Sushi,278.8993453321805
77,Sushi,308.96826970143417
64,Pasta,254.1584923292848
84,Hamburger,267.63046979113506
65,Tacos,199.98073094017747
26,Hamburger,224.92840419978242
47,Tacos,258.71532642062107
33,Pasta,269.2385389605614
78,Tacos,290.83497064273547
79,Hamburger,262.7776379554041
95,Hamburger,409.30341611408187
20,Pasta,193.0134802572453
25,Hamburger,180.66104704212148
82,Tacos,285.4671803189661
68,Pasta,328.65513309755346
79,Tacos,443.98663684085227
89,Hamburger,301.15957411671485
12,Pasta,96.37982086458084
29,Tacos,252.9834073759929
68,Hamburger,315.83373534885214
45,Hamburger,397.6446395388359
28,Sushi,237.57590435276606
99,Hamburger,404.5022097358506
76,Tacos,350.3093698038552
28,Pasta,304.4761429901761
29,Sushi,300.85870173347956
80,Hamburger,356.1079961242076
61,Hamburger,343.36286362245363
42,Hamburger,228.64714009882135
49,Tacos,166.48593807050452
48,Sushi,277.1865625114059
91,Tacos,424.04176038968296
10,Sushi,46.67513578206662
20,Pasta,202.2323644923451
66,Tacos,268.00380124080186
98,Tacos,458.72836294212016
59,Pasta,310.20550171442574
32,Sushi,219.0541329122692
40,Hamburger,388.91621983778356
51,Pasta,291.3070946032153
16,Hamburger,116.0112279845307
25,Hamburger,149.1359037046276
99,Pasta,356.1414008930872
69,Sushi,308.5063721900007
11,Hamburger,241.8505907941659
10,Pasta,142.67447688474232
57,Tacos,221.8492867970872
21,Tacos,158.55987801545837
78,Tacos,307.9686104473916
46,Pasta,120.22694975970933
41,Tacos,276.87195886512626
18,Hamburger,89.21713909
28,Tacos,153.3087716165818
57,Tacos,283.6463855157544
89,Hamburger,424.29449916004927
12,Tacos,73.04853700216181
29,Hamburger,193.84200275595316
33,Tacos,181.3720250731189
63,Hamburger,295.9440033670058
42,Tacos,306.27991417260864
33,Hamburger,206.86336482697288
84,Pasta,413.004619
81,Hamburger,434.1430937965747
45,Tacos,213.3767241079442
47,Tacos,186.86822128515664
93,Sushi,308.1363814
98,Hamburger,464.1886581
34,Pasta,221.86149136839936
27,Hamburger,158.0483244166868
91,Hamburger,382.7124179
75,Pasta,296.3168076513088
63,Hamburger,318.56968535701736
44,Pasta,330.7138193126919
89,Pasta,330.39417513411223
70,Hamburger,349.20527743281156
50,Hamburger,307.84535305070165
42,Tacos,208.15806877831366
77,Tacos,398.5663824938782
42,Sushi,269.0819814233123
23,Sushi,131.16699903879922
30,Hamburger,391.9728499
57,Pasta,288.53222513178684
29,Sushi,165.63096037481083
17,Hamburger,99.80226740439463
16,Sushi,281.0757323318283
76,Pasta,406.3648505326446
26,Hamburger,271.72123498298276
42,Pasta,249.1364350325978
57,Hamburger,187.79778054293777
85,Sushi,346.2718971785027
68,Tacos,233.1435954114649
95,Sushi,522.7666362739147
31,Sushi,235.4213325206894
39,Tacos,172.9336306600146
47,Tacos,321.76733444527997
60,Hamburger,234.93359080600982
63,Hamburger,230.3129583624437
17,Pasta,201.3184206454021
36,Pasta,246.5948798918678
36,Sushi,291.8101924873208
30,Tacos,27.151135967130728
39,Pasta,244.64901176339222
37,Sushi,285.24567458073466
73,Tacos,308.82839736118666
78,Hamburger,374.4070007628561
70,Sushi,300.34899033176987
57,Hamburger,244.5486957688682
28,Pasta,159.6923291497161
13,Pasta,210.80771869426218
44,Tacos,252.1820120929691
73,Sushi,372.35588834354127
58,Hamburger,270.6884077198673
26,Tacos,184.7136561283742
53,Pasta,251.3293656957186
39,Pasta,139.5220891046044
55,Sushi,286.2784970018105
15,Hamburger,155.76366684324944
46,Sushi,286.19980548185845
33,Hamburger,143.3425136598049
55,Hamburger,140.1916724164133
62,Sushi,245.66180895067714
69,Tacos,264.8550625001611
72,Sushi,402.7605941659417
94,Sushi,254.6415017291712
41,Pasta,267.46543824631624
96,Pasta,460.8298949661878
42,Sushi,314.1676276838506
76,Sushi,484.95084820279385
27,Pasta,164.72114414961743
34,Hamburger,216.45659725202083
63,Sushi,281.47509590412244
67,Tacos,234.2347987
76,Tacos,174.0834241071221
55,Tacos,364.0336257589168
33,Sushi,300.02709341219065
41,Hamburger,263.8036196105896
56,Hamburger,318.33229921853757
95,Pasta,294.5890404969666
32,Sushi,202.23513289889638
75,Hamburger,406.05494370427084
36,Sushi,144.5060822037692
11,Pasta,163.92911097852456
99,Pasta,459.0697422758067
26,Pasta,238.46880105596628
42,Tacos,256.6323988901934
18,Sushi,126.59930765459143
52,Pasta,249.26361993481672
57,Sushi,249.13528612059636
48,Tacos,227.1060701113873
51,Tacos,256.90566623869336
35,Pasta,122.29851430956555
59,Pasta,158.63420684227563
34,Hamburger,240.54000569957918
33,Sushi,237.94378980480025
22,Pasta,198.8866089758086
69,Hamburger,380.61341458477057
16,Sushi,264.0589653178834
66,Pasta,339.08927551492116
45,Hamburger,197.3275368899721
54,Hamburger,173.02275265534922
29,Sushi,50.91547366388923
74,Hamburger,269.17617947973844
17,Sushi,181.1958148473277
25,Sushi,109.21635834366819
23,Sushi,197.8172020101876
85,Tacos,374.1600239258101
96,Hamburger,353.85197560295217
24,Sushi,185.7354753426949
75,Pasta,326.83744721137316
41,Tacos,336.2227677740614
96,Tacos,324.02126214743157
72,Hamburger,376.3739539765264
95,Sushi,399.2691103393617
60,Hamburger,293.08744148758217
34,Tacos,278.8705847137587
67,Sushi,300.90577729791215
72,Pasta,302.69675875317034
71,Sushi,288.90482530929967
31,Tacos,234.34816457977962
67,Pasta,263.4638769606278
67,Sushi,300.59948861115055
95,Pasta,480.75451382522203
58,Pasta,255.1177213121457
61,Tacos,214.8227570635937
51,Pasta,267.7270824307135
79,Hamburger,408.16582062085234
24,Tacos,231.97471414987635
63,Hamburger,83.06369090332899
69,Pasta,412.92680013686294
17,Hamburger,211.38944801062493
62,Sushi,141.54352090605593
69,Pasta,325.0684296611068
14,Sushi,292.2978293894159
77,Hamburger,343.4945802
15,Sushi,299.3528926023737
56,Pasta,270.0704893438939
64,Sushi,259.56620036048423
49,Hamburger,287.21463255214957
61,Hamburger,325.15464805822796
25,Hamburger,174.66296966922818
22,Pasta,222.71861981115802
39,Hamburger,359.08601012376107
28,Pasta,208.42408314137435
26,Sushi,278.4208386366257
72,Hamburger,246.13079274605968
28,Sushi,165.25383554376373
67,Tacos,276.66559382046785
64,Sushi,314.10503095295877
99,Tacos,319.86550120704896
99,Sushi,394.4393475604745
71,Pasta,218.40249082154293
32,Sushi,291.0891078603849
18,Pasta,192.89545760562066
21,Pasta,185.67555600359134
10,Hamburger,260.86612417598553
67,Pasta,424.0145017910801
10,Tacos,155.78443270741008
43,Hamburger,171.40081636542675
57,Hamburger,472.84803081971523
98,Sushi,371.6813539616999
10,Pasta,228.94379530482266
25,Pasta,220.36788069071875
70,Tacos,364.1679973792111
73,Sushi,310.2675784107685
72,Sushi,297.44588244631893
78,Hamburger,240.5142952
31,Hamburger,79.86631533716118
76,Hamburger,264.10274059727755
85,Tacos,391.6619600089718
35,Tacos,110.32085322646483
25,Hamburger,40.07049394545835
60,Sushi,361.5529383223986
95,Tacos,346.9235191772644
66,Sushi,145.66546547447805
38,Sushi,162.10108304972658
87,Pasta,371.7323478892197
78,Hamburger,205.16181952395203
56,Pasta,324.98622755397105
71,Hamburger,196.40125148447993
78,Hamburger,434.8650083449583
85,Sushi,437.7259276681585
25,Hamburger,212.93655647340148
99,Sushi,394.6819876622096
99,Sushi,405.47579963724485
57,Hamburger,378.40287816218466
94,Sushi,317.93467527484177
48,Sushi,287.56431522025537
42,Sushi,275.2114983817144
32,Tacos,202.6176116616105
19,Sushi,110.87488550525138
78,Tacos,196.92833628427474
43,Tacos,261.27154614450905
61,Sushi,293.1873092270694
19,Sushi,111.17063059443896
28,Tacos,260.91544329211524
67,Tacos,284.5457691451397
10,Sushi,106.5554468856958
78,Sushi,417.2333617882197
13,Hamburger,141.2283856154639
25,Tacos,225.63588392618956
33,Tacos,127.93655963925077
89,Hamburger,380.8633042910206
11,Tacos,139.36555009627804
41,Pasta,226.68790048741027
93,Tacos,220.9561244199702
33,Hamburger,167.10266491034585
21,Pasta,336.39503974413486
59,Sushi,270.54255109782724
44,Hamburger,297.2885876718541
42,Hamburger,239.91430630098176
42,Sushi,258.6604558549599
70,Hamburger,162.43033389289317
60,Tacos,357.71478998024565
52,Sushi,264.9095347708384
21,Hamburger,151.73322663643734
76,Sushi,315.4251889483194
74,Sushi,291.4544727065486
42,Sushi,330.29643043013937
49,Pasta,156.07765441452707
83,Hamburger,329.24733894920007
52,Pasta,274.1840667362171
53,Hamburger,309.4794629921627
38,Tacos,341.97023699879287
22,Tacos,247.0698272520632
21,Tacos,111.08730772086828
55,Hamburger,290.59081094844584
11,Sushi,49.23777578037556
44,Sushi,282.5435136519614
96,Pasta,263.97443974917485
90,Pasta,333.5772184692328
99,Tacos,518.3270032091394
17,Pasta,204.36238640495537
35,Hamburger,256.8131171
83,Hamburger,399.7575478647573
99,Pasta,341.80381457035537
43,Pasta,229.57920841101193
16,Pasta,104.63431073498683
77,Pasta,402.90546230616815
67,Tacos,143.42095984705315
84,Tacos,390.9255975474857
38,Pasta,219.19057498312537
45,Hamburger,217.89458097821597
98,Tacos,449.07444150161103
30,Hamburger,171.7534695090495
45,Sushi,296.0598969262128
19,Hamburger,151.76228204692842
82,Pasta,371.6100960898002
33,Sushi,190.60731377865977
73,Tacos,187.02220939832682
58,Tacos,329.3865190187685
45,Sushi,233.36036236453336
91,Hamburger,461.88655366801135
33,Tacos,186.68196167940593
32,Pasta,201.42298321087716
71,Sushi,157.69610694798826
46,Pasta,344.61227064791734
21,Sushi,139.52350880900096
64,Tacos,335.9146027234551
22,Hamburger,106.81392747526817
32,Sushi,239.9972406336457
98,Sushi,311.2183850924754
39,Pasta,302.7671014149516
26,Tacos,193.27787997075725
71,Pasta,304.24868443658517
93,Tacos,466.1583023
98,Pasta,429.5654261018779
95,Sushi,339.6173813546062
22,Pasta,249.75154560468198
68,Hamburger,462.1045294
28,Tacos,273.8164197172116
58,Tacos,296.2868416796187
21,Sushi,182.50077466401922
70,Tacos,412.9260189835207
28,Hamburger,141.32032316772128
85,Pasta,383.5548713
18,Sushi,34.49421058489672
80,Hamburger,256.69208252973186
37,Tacos,110.24738209325737
87,Tacos,338.78633977275405
61,Hamburger,316.3952224506531
92,Pasta,454.6898702
25,Pasta,273.8694173518326
78,Sushi,329.6884102043011
21,Tacos,217.06834314891606
34,Hamburger,127.58856122719152
61,Pasta,353.16238849847645
94,Sushi,380.2115741885377
62,Tacos,232.87142874172065
32,Tacos,320.54901248270346
25,Sushi,222.87606693735856
66,Sushi,334.13799569221544
48,Pasta,196.07269712106842
62,Hamburger,215.98553979877173
51,Tacos,395.5429115647941
67,Hamburger,325.7322599274097
48,Tacos,263.3963600716311
23,Tacos,260.9994443791845
14,Hamburger,190.91144480991153
44,Sushi,216.1822969686598
96,Pasta,281.9620174
84,Tacos,302.39456106629285
27,Sushi,194.49835784776457
85,Tacos,447.23085701444927
18,Pasta,45.38150683812383
83,Tacos,358.2770184846883
67,Pasta,370.3349417672477
26,Pasta,278.70189999209106
16,Tacos,47.088161259873516
55,Tacos,251.31875909416198
22,Pasta,205.7210153973144
49,Sushi,149.91371040141212
51,Hamburger,272.13631598082173
18,Pasta,170.06318100308934
59,Tacos,254.30459877366889
36,Tacos,270.35743919753446
75,Sushi,351.0214661352706
14,Hamburger,223.46948115330477
38,Pasta,204.0202547632418
46,Pasta,282.7589763369217
47,Hamburger,291.6590379997292
92,Pasta,316.40206596437946
17,Hamburger,133.4754750650493
74,Tacos,479.8152954015849
95,Hamburger,374.8505098745111
26,Pasta,227.76646064882854
80,Hamburger,241.99582927160873
98,Sushi,405.95162909794885
54,Tacos,186.57766518728806
13,Tacos,-28.92089006
45,Hamburger,361.9730308562405
79,Pasta,284.91337306005414
40,Sushi,399.65219965984477
28,Tacos,162.370576
70,Tacos,317.97998485420044
63,Pasta,216.59695759848844
48,Pasta,249.8414054864724
83,Sushi,323.3042369
99,Hamburger,492.3054636497557
28,Pasta,116.90037068218416
48,Hamburger,252.73545427718986
76,Sushi,289.0246845142603
54,Hamburger,185.98784071595392
22,Tacos,197.1620769614193
67,Hamburger,353.7264368433354
29,Sushi,193.3137430181332
81,Sushi,426.67880197918015
70,Sushi,461.9567431256439
48,Hamburger,238.6512822430806
10,Tacos,3.819308480642732
12,Pasta,27.35221990254723
86,Tacos,277.7392203295096
71,Hamburger,338.4156567452159
72,Hamburger,371.2592926865013
34,Pasta,223.22750640925378
65,Hamburger,335.6903100622943
42,Sushi,279.3952723108561
47,Sushi,286.00694499941267
15,Sushi,156.63510393325117
67,Sushi,201.35182131767675
53,Sushi,373.80836873281584
54,Hamburger,178.141588
41,Pasta,111.16524045535948
54,Pasta,373.8231073281791
70,Sushi,345.3906769971794
56,Hamburger,281.53206030455743
30,Tacos,51.26926144297468
89,Tacos,459.0826148143761
94,Hamburger,363.0077801462844
84,Sushi,267.6115943
45,Pasta,208.7354245280991
28,Hamburger,186.85465484513833
29,Tacos,73.34224580170562
66,Tacos,248.42436925140913
27,Tacos,83.60227642403875
56,Sushi,293.40755827520684
58,Tacos,215.80235624401973
23,Hamburger,131.82270910969277
24,Hamburger,144.7603507720229
40,Tacos,191.9012814
10,Hamburger,178.12400694669526
63,Tacos,301.3408820695553
12,Tacos,45.963395322878995
25,Pasta,227.6197437011944
96,Sushi,398.2725912
66,Sushi,304.03391675202533
84,Pasta,336.1401243247096
21,Pasta,27.11148876809574
83,Sushi,429.6379120449859
25,Tacos,177.4576775982106
81,Tacos,283.43912558945283
85,Sushi,254.47819696954676
33,Tacos,223.7356098806708
37,Pasta,59.59001062552602
17,Tacos,231.04123356366634
45,Tacos,209.3143248311597
99,Hamburger,423.6922028155968
17,Hamburger,105.21238555986827
67,Hamburger,396.71284895467545
69,Tacos,367.5586697014633
59,Sushi,216.9907777652259
37,Pasta,184.6027301988552
50,Tacos,359.69514213459286
73,Sushi,319.6722432740493
36,Tacos,333.6194123017336
72,Pasta,313.49486858788293
26,Tacos,291.8783286
82,Pasta,321.37323525465007
42,Tacos,249.33906449851003
93,Pasta,381.77343520863155
86,Tacos,305.18168387400715
38,Pasta,119.74283059111869
22,Hamburger,192.58917788363956
55,Tacos,251.38772615677206
44,Tacos,275.00921025547495
15,Sushi,175.8507115211766
91,Sushi,343.71711182976026
78,Pasta,292.77578967428514
56,Tacos,214.6059106851736
34,Pasta,113.25077742908059
75,Hamburger,405.4127558539702
19,Sushi,173.07026073998873
65,Pasta,250.53181117899072
39,Pasta,188.76394220224654
14,Sushi,169.06193043852613
42,Tacos,345.76703795178685
74,Pasta,348.0330388980495
27,Sushi,291.4428204783783
58,Tacos,351.2672812257858
20,Hamburger,82.19211368118926
94,Sushi,353.7325253357216
35,Pasta,292.11495763697485
72,Hamburger,246.74985639351164
98,Tacos,434.85714157317835
95,Tacos,404.6011165527136
68,Sushi,369.8170710380682
36,Sushi,336.2908285
58,Sushi,271.8847397421104
86,Tacos,350.94475728331577
42,Hamburger,311.62300579202935
10,Tacos,109.30955404327938
30,Pasta,239.54694932850714
64,Tacos,295.50685956762766
15,Pasta,171.9434907534744
90,Hamburger,350.0895856290995
78,Sushi,460.1955812970906
14,Sushi,72.06850544
12,Tacos,206.8992173696908
62,Sushi,271.81756884394474
32,Hamburger,202.21175386851223
62,Sushi,410.9441883743619
46,Tacos,283.2552865
83,Hamburger,404.83933031782186
83,Pasta,539.3716035220132
92,Tacos,403.8434455
26,Pasta,246.46613191438286
94,Hamburger,457.5787006399873
87,Tacos,430.4849068485448
82,Tacos,470.9541907901299
10,Hamburger,-7.627381568
60,Sushi,343.5253080125695
54,Tacos,233.6028429573463
86,Tacos,418.6631077164214
13,Pasta,208.29015311676108
71,Sushi,317.78675012771214
74,Pasta,491.81244560369424
41,Pasta,211.37362547008738
43,Sushi,337.52911855340903
81,Sushi,356.1328070024504
48,Hamburger,276.0633234516547
35,Sushi,293.15146648028457
43,Tacos,237.90367399549234
63,Sushi,276.1945934249578
12,Hamburger,35.49014088
59,Hamburger,369.3788104584882
21,Hamburger,191.05706211382062
74,Sushi,326.47031925525187
63,Sushi,408.5871305981411
14,Pasta,146.1889314066081
66,Pasta,297.05994518403514
26,Tacos,298.4217332764146
56,Pasta,274.9351707338061
32,Tacos,281.3999747538361
88,Hamburger,287.7318019
94,Pasta,439.97554966464764
23,Sushi,129.10168054738227
75,Pasta,297.07782897886585
84,Tacos,312.7619961489394
60,Pasta,223.77682581548802
47,Hamburger,221.2461748319743
73,Sushi,255.13134467243668
47,Tacos,261.1605951757711
59,Sushi,256.39328784708164
91,Sushi,264.3819664760314
39,Tacos,363.5761001211268
88,Sushi,422.71118391240884
60,Sushi,253.1879957003037
72,Pasta,395.17289915261864
61,Sushi,367.17110109951557
47,Sushi,303.22051099464426
97,Sushi,485.5397628832025
88,Sushi,373.30181170110814
39,Tacos,377.77415813187173
60,Hamburger,250.4347175951806
90,Pasta,285.8297504742884
14,Sushi,151.67789277040683
38,Sushi,221.97947412166127
13,Tacos,205.38729120898049
19,Hamburger,268.14285258939054
65,Sushi,226.02041728017318
26,Tacos,106.96296542340502
83,Pasta,464.22169572439293
26,Pasta,195.2643128027102
93,Sushi,344.19937514922776
97,Sushi,295.2589139517412
78,Hamburger,400.8338010874158
43,Hamburger,81.08254004773067
15,Sushi,154.85071627529058
62,Tacos,284.7019045986046
75,Hamburger,282.82449569701515
86,Sushi,256.15926464611687
52,Hamburger,302.99090284753544
84,Sushi,378.52443917576664
32,Pasta,86.55486645231294
64,Sushi,367.4060483156573
89,Pasta,503.3291659914058
84,Hamburger,437.45919349549166
25,Sushi,205.67379605146527
17,Hamburger,268.26405590852477
13,Pasta,97.18787502711169
13,Sushi,129.90825580440145
65,Hamburger,273.3105158772174
34,Pasta,247.3188103291357
76,Hamburger,400.66783514454596
76,Tacos,185.99932963859524
36,Pasta,182.8877757825443
41,Pasta,345.3824753522415
59,Pasta,375.3253931
70,Sushi,297.53247518081986
60,Sushi,384.9852328063081
28,Sushi,255.98737274607265
30,Tacos,255.79977324358077
14,Tacos,143.9580665969389
91,Pasta,442.0527640227568
51,Tacos,405.18919257428587
70,Hamburger,366.17796927575534
31,Pasta,158.33999632935786
30,Pasta,146.65325463141613
79,Hamburger,304.30439180811436
10,Pasta,261.672131
14,Tacos,193.19464847978398
21,Sushi,227.77388984440967
99,Hamburger,285.1572147609129
55,Tacos,342.8978375
43,Hamburger,280.9039375394803
58,Hamburger,262.24047070162527
87,Pasta,366.21539633237137
99,Pasta,393.02925322133774
54,Tacos,262.00706166637406
36,Hamburger,251.22309060688434
82,Pasta,367.80918361430304
35,Pasta,265.8507829707242
56,Hamburger,278.80317411879895
95,Tacos,337.7828919
65,Tacos,293.8505188145648
72,Hamburger,395.09887771193735
57,Tacos,302.4194780626375
70,Pasta,300.2114315850234
90,Hamburger,383.65025378128416
35,Pasta,133.50357424032762
45,Sushi,283.3447156777586
10,Sushi,130.31390737059968
17,Tacos,162.88115055275122
61,Sushi,155.12098453073554
88,Pasta,346.4633261626132
56,Sushi,255.5380316
65,Pasta,340.03548898281934
95,Tacos,446.21733283876654
23,Tacos,133.2447446099854
99,Pasta,386.29820193316755
37,Sushi,246.30656845946118
96,Tacos,425.3635386536637
87,Hamburger,280.9195953243405
97,Tacos,429.9535917074198
11,Sushi,223.47242512282077
35,Hamburger,166.45325535712567
23,Sushi,124.3513203118961
68,Pasta,304.3613308951955
65,Hamburger,144.76776258784628
16,Sushi,145.55991824823548
12,Hamburger,133.95670218487763
32,Sushi,235.3064117574386
27,Hamburger,349.0280255966162
47,Sushi,238.5298558
24,Pasta,228.8607504
73,Hamburger,253.01291478494738
98,Hamburger,491.21836073959946
37,Hamburger,210.37848675853152
83,Hamburger,399.71772510782444
48,Pasta,157.92604964973927
66,Hamburger,283.8639331650151
26,Tacos,97.37470185893216
95,Pasta,421.3262292
99,Tacos,412.8267036677365
53,Hamburger,292.97732668942496
34,Sushi,177.74781290706107
26,Tacos,239.9446093438704
22,Hamburger,140.97212868739592
93,Tacos,377.5466092087516
34,Hamburger,241.9126098799611
77,Hamburger,413.9285081494115
19,Hamburger,63.12670941943178
76,Sushi,410.6450050044127
27,Tacos,239.99789379928262
95,Pasta,326.6752724283878
43,Pasta,166.25040574049342
17,Pasta,219.58456806319043
49,Pasta,207.8446009327044
92,Hamburger,542.4672823869804
51,Tacos,361.54363058139234
50,Tacos,195.3917426268684
15,Sushi,115.96839181192243
61,Tacos,388.72527962654254
35,Tacos,240.83281555535547
73,Tacos,268.7095591895363
68,Sushi,260.4753969958772
65,Pasta,312.0211560509249
68,Tacos,420.83926863980747
79,Sushi,362.8129601185046
42,Sushi,239.0709130516524
62,Hamburger,308.8429181204691
31,Sushi,109.67677945189428
30,Pasta,279.2171328914749
79,Tacos,255.5759363531565
79,Sushi,358.89517041880595
13,Pasta,145.09911739074997
84,Sushi,466.0920366926057
71,Sushi,323.4522257027581
71,Sushi,254.7235652349264
33,Sushi,124.09268457587518
64,Sushi,305.9501209362709
18,Pasta,200.7899088097496
12,Tacos,177.12105920071681
40,Tacos,217.96155879643956
49,Tacos,250.26675525891366
45,Tacos,184.95344272052486
33,Pasta,213.3339110133025
15,Hamburger,109.82136969133128
75,Hamburger,253.78589074398417
93,Pasta,298.46702631843374
84,Pasta,333.0678659425963
13,Sushi,114.89939477663276
88,Sushi,372.04628256393715
15,Sushi,123.73383487331861
60,Tacos,267.6772311841093
71,Sushi,390.2413142789542
66,Hamburger,218.63187281444024
75,Tacos,454.4659268161842
88,Sushi,436.2816218882916
84,Tacos,279.63450382848424
17,Hamburger,238.02798822540285
35,Sushi,222.0412564907751
60,Hamburger,155.76409628208015
54,Hamburger,192.8635996462096
53,Hamburger,400.9114188918864
14,Sushi,101.80258567165849
79,Pasta,437.0783908284376
35,Sushi,249.00564989491545
77,Hamburger,233.8430345610899
28,Sushi,304.9517931707881
93,Hamburger,438.00293834291364
29,Pasta,145.5666442960326
21,Tacos,159.40530540492747
56,Pasta,348.69731917804876
10,Pasta,107.74970469587976
99,Tacos,442.92070127649566
23,Sushi,247.2031428743703
73,Tacos,246.4845496634806
47,Sushi,206.72480478452212
46,Sushi,359.1215615271759
20,Hamburger,33.865728057230996
86,Hamburger,378.57927321076147
12,Tacos,81.61933103529721
42,Pasta,283.67951696837156
15,Tacos,188.1066822747658
59,Sushi,152.43837256861696
19,Hamburger,141.78415222436442
14,Tacos,87.77458858327913
32,Tacos,340.7090041568883
19,Hamburger,301.7396333
53,Hamburger,284.9687753
11,Hamburger,272.9846977648746
22,Sushi,66.30830261985992
49,Hamburger,261.67090907228567
11,Pasta,114.0934273109965
93,Tacos,389.5409923751674
74,Hamburger,343.9382795841094
72,Hamburger,352.42245844073545
82,Sushi,232.8624582
26,Sushi,204.5062030794445
18,Tacos,147.97120871910352
84,Pasta,239.08116044232727
24,Tacos,151.91424855957632
33,Hamburger,162.17932389074122
47,Pasta,133.5663817592985
44,Pasta,238.62275939055723
58,Pasta,306.1822150329806
78,Pasta,286.8389313
71,Tacos,321.8223495513821
69,Sushi,346.80579919070686
59,Sushi,281.8251634284019
87,Hamburger,369.9691038990337
84,Sushi,320.97575590239876
18,Sushi,188.83830184314115
43,Sushi,323.61035988014254
85,Sushi,296.13816104382187
44,Hamburger,341.4194508130059
10,Tacos,139.18023683945498
49,Pasta,229.95311985157767
73,Sushi,249.31203372681665
31,Tacos,110.22876748449282
69,Sushi,312.21255166393405
73,Sushi,272.4822042584115
81,Pasta,379.9730719
